<?xml version="1.0"?>
<OSCOutputGroup>
  <oscMessage>/wek/outputs</oscMessage>
  <hostName>localhost</hostName>
  <outputPort>12000</outputPort>
  <outputs class="linked-list">
    <wekimini.osc.OSCClassificationOutput>
      <name>outputs-1</name>
      <numClasses>5</numClasses>
      <isSendingDistribution>false</isSendingDistribution>
    </wekimini.osc.OSCClassificationOutput>
    <wekimini.osc.OSCClassificationOutput>
      <name>outputs-2</name>
      <numClasses>5</numClasses>
      <isSendingDistribution>false</isSendingDistribution>
    </wekimini.osc.OSCClassificationOutput>
  </outputs>
</OSCOutputGroup>